Address,Type,Datetime,Latitude,Longitude,Report Location,Incident Number
4th Av N / Mercer St,Aid Response,02/03/2014 11:56:00 PM +0000,47.624564,-122.348877,"(47.624564, -122.348877)",F140012355
2121 8th Av,Aid Response,02/03/2014 11:47:00 PM +0000,47.616647,-122.33816,"(47.616647, -122.33816)",F140012352
747 N 135th St,Aid Response,02/03/2014 11:19:00 PM +0000,47.726864,-122.348012,"(47.726864, -122.348012)",F140012350
3716 Ne 75th St,Medic Response,02/03/2014 11:12:00 PM +0000,47.683046,-122.288274,"(47.683046, -122.288274)",F140012349
1111 3rd Av,Auto Fire Alarm,02/03/2014 11:11:00 PM +0000,47.60641,-122.334739,"(47.60641, -122.334739)",F140012348
6745 30th Av S,Aid Response,02/03/2014 11:07:00 PM +0000,47.54172,-122.293539,"(47.54172, -122.293539)",F140012347
5915 Delridge Way Sw,Aid Response,02/03/2014 11:06:00 PM +0000,47.549959,-122.363012,"(47.549959, -122.363012)",F140012346
1736 4th Av S,Aid Response,02/03/2014 11:02:00 PM +0000,47.587853,-122.329053,"(47.587853, -122.329053)",F140012345
15th Av Nw / Holman Rd Nw,Medic Response,02/03/2014 10:56:00 PM +0000,47.693144,-122.376586,"(47.693144, -122.376586)",F140012344
538 Lakeside Av S,Medic Response,02/03/2014 10:51:00 PM +0000,47.597662,-122.287018,"(47.597662, -122.287018)",F140012343
14th Av / E Spruce St,Aid Response,02/03/2014 10:44:00 PM +0000,47.60351,-122.31419,"(47.60351, -122.31419)",F140012341
425 Pike St,1RED 1 Unit,02/03/2014 10:42:00 PM +0000,47.610332,-122.3364,"(47.610332, -122.3364)",F140012340
4813 S Findlay St,Automatic Fire Alarm Resd,02/03/2014 10:41:00 PM +0000,47.551903,-122.272529,"(47.551903, -122.272529)",F140012339
6201 Rainier Av S,Hang-Up- Aid,02/03/2014 10:34:00 PM +0000,47.546674,-122.276546,"(47.546674, -122.276546)",F140012337
948 N 77th St,Aid Response,02/03/2014 10:30:00 PM +0000,47.684764,-122.346556,"(47.684764, -122.346556)",F140012336
1840 Ne Grant Ln,Auto Fire Alarm,02/03/2014 10:30:00 PM +0000,47.655305,-122.307943,"(47.655305, -122.307943)",F140012335
Dexter Av N / Thomas St,Motor Vehicle Accident,02/03/2014 10:24:00 PM +0000,47.620888,-122.342382,"(47.620888, -122.342382)",F140012334
13229 Linden Av N,Aid Response,02/03/2014 10:19:00 PM +0000,47.724887,-122.347955,"(47.724887, -122.347955)",F140012333
2616 Harvard Av E,Aid Response,02/03/2014 10:19:00 PM +0000,47.643389,-122.322095,"(47.643389, -122.322095)",F140012332
5700 14th Av Nw,Aid Response,02/03/2014 10:06:00 PM +0000,47.67017,-122.373585,"(47.67017, -122.373585)",F140012330
Madison St / Minor Av,Aid Response,02/03/2014 10:02:00 PM +0000,47.609802,-122.324029,"(47.609802, -122.324029)",F140012327
Madison St / Minor Av,Aid Response,02/03/2014 10:02:00 PM +0000,47.609802,-122.324029,"(47.609802, -122.324029)",F140012329
4700 Sand Point Way Ne,Aid Response,02/03/2014 09:59:00 PM +0000,47.663027,-122.284774,"(47.663027, -122.284774)",F140012326
201 1st Av S,Aid Response,02/03/2014 09:59:00 PM +0000,47.600874,-122.334182,"(47.600874, -122.334182)",F140012325
1022 Ne 96th St,Aid Response,02/03/2014 09:58:00 PM +0000,47.698561,-122.317304,"(47.698561, -122.317304)",F140012324
4471 Whitman Av N,Aid Response,02/03/2014 09:54:00 PM +0000,47.661151,-122.345616,"(47.661151, -122.345616)",F140012323
6544 52nd Av Ne,Medic Response,02/03/2014 09:54:00 PM +0000,47.676022,-122.271568,"(47.676022, -122.271568)",F140012322
5715 Roosevelt Way Ne,Aid Response,02/03/2014 09:48:00 PM +0000,47.670155,-122.317364,"(47.670155, -122.317364)",F140012321
5026 12th Av Ne,Aid Response,02/03/2014 09:47:00 PM +0000,47.66511,-122.315236,"(47.66511, -122.315236)",F140012318
N 134th St / Greenwood Av N,Motor Vehicle Accident,02/03/2014 09:47:00 PM +0000,47.726408,-122.355554,"(47.726408, -122.355554)",F140012319
Montlake Blvd E / E Hamlin St,Medic Response,02/03/2014 09:46:00 PM +0000,47.645557,-122.304611,"(47.645557, -122.304611)",F140012320
9th Av Ne / Ne 50th St,Aid Response,02/03/2014 09:44:00 PM +0000,47.664944,-122.318438,"(47.664944, -122.318438)",F140012317
1200 12th Av S,Medic Response,02/03/2014 09:41:00 PM +0000,47.592105,-122.317281,"(47.592105, -122.317281)",F140012316
2600 Sw Thistle St,Medic Response,02/03/2014 09:37:00 PM +0000,47.52828,-122.365857,"(47.52828, -122.365857)",F140012315
3412 24th Av W,Aid Response,02/03/2014 09:29:00 PM +0000,47.65064,-122.387428,"(47.65064, -122.387428)",F140012314
133 Queen Anne Av N,Auto Fire Alarm,02/03/2014 09:26:00 PM +0000,47.618988,-122.356753,"(47.618988, -122.356753)",F140012312
9455 27th Av Sw,Medic Response,02/03/2014 09:17:00 PM +0000,47.518178,-122.367277,"(47.518178, -122.367277)",F140012309
9512 1st Av Ne,Aid Response Yellow,02/03/2014 09:07:00 PM +0000,47.697811,-122.328455,"(47.697811, -122.328455)",F140012308
925 4th Av,Aid Response,02/03/2014 09:03:00 PM +0000,47.605549,-122.332417,"(47.605549, -122.332417)",F140012307
625 5th Av S,Aid Response,02/03/2014 09:02:00 PM +0000,47.597299,-122.327676,"(47.597299, -122.327676)",F140012305
401 Broadway  E,Aid Response,02/03/2014 09:02:00 PM +0000,47.621988,-122.320906,"(47.621988, -122.320906)",F140012306
120 Roy St,Aid Response,02/03/2014 08:56:00 PM +0000,47.62545,-122.354853,"(47.62545, -122.354853)",F140012304
2611 S Dearborn St,Aid Response,02/03/2014 08:53:00 PM +0000,47.595541,-122.298643,"(47.595541, -122.298643)",F140012302
1823 E Madison St,Aid Response,02/03/2014 08:41:00 PM +0000,47.616275,-122.308506,"(47.616275, -122.308506)",F140012300
2436 42nd Av E,Aid Response,02/03/2014 08:39:00 PM +0000,47.641096,-122.278303,"(47.641096, -122.278303)",F140012299
14023 32nd Av Ne,Alarm Bell,02/03/2014 08:37:00 PM +0000,47.73021,-122.293785,"(47.73021, -122.293785)",F140012296
1200 6th Av,Aid Response,02/03/2014 08:35:00 PM +0000,47.608444,-122.331995,"(47.608444, -122.331995)",F140012295
3224 4th Av S,Aid Response,02/03/2014 08:33:00 PM +0000,47.575283,-122.329059,"(47.575283, -122.329059)",F140012294
305 Harrison St,Medic Response,02/03/2014 08:28:00 PM +0000,47.622089,-122.351371,"(47.622089, -122.351371)",F140012291
1221 1st Av,Aid Response,02/03/2014 08:25:00 PM +0000,47.606268,-122.337677,"(47.606268, -122.337677)",F140012290
517 3rd Av,Aid Response,02/03/2014 08:19:00 PM +0000,47.602172,-122.330863,"(47.602172, -122.330863)",F140012289
1515 Belmont Av,Trans to AMR,02/03/2014 08:15:00 PM +0000,47.614256,-122.32446,"(47.614256, -122.32446)",F140012288
S Weller St / 5th Av S,Aid Response,02/03/2014 08:15:00 PM +0000,47.597517,-122.327675,"(47.597517, -122.327675)",F140012287
NE 95TH ST / LAKE CITY WAY NE,Aid Response,02/03/2014 08:02:00 PM +0000,47.697569,-122.305467,"(47.697569, -122.305467)",F140012282
500 Pine St,Rescue Elevator,02/03/2014 08:01:00 PM +0000,47.611672,-122.336484,"(47.611672, -122.336484)",F140012281
4200 S Mead St,Aid Response,02/03/2014 08:00:00 PM +0000,47.550442,-122.280787,"(47.550442, -122.280787)",F140012280
4th Av / James St,Trans to AMR,02/03/2014 08:00:00 PM +0000,47.603233,-122.330297,"(47.603233, -122.330297)",F140012283
Maynard Av S / S Charles St,Motor Vehicle Accident,02/03/2014 07:51:00 PM +0000,47.594996,-122.325071,"(47.594996, -122.325071)",F140012279
510 Minor Av N,Aid Response,02/03/2014 07:50:00 PM +0000,47.623222,-122.333001,"(47.623222, -122.333001)",F140012278
4250 East Marginal Way S,Motor Vehicle Accident,02/03/2014 07:31:00 PM +0000,47.564227,-122.339439,"(47.564227, -122.339439)",F140012274
6316 26TH AV SW,Trans to AMR,02/03/2014 07:31:00 PM +0000,47.546167,-122.365625,"(47.546167, -122.365625)",F140012275
Aurora Av N / N 46th St,Aid Response,02/03/2014 07:30:00 PM +0000,47.662115,-122.347213,"(47.662115, -122.347213)",F140012273
14045 Midvale Av N,Aid Response,02/03/2014 07:22:00 PM +0000,47.73076,-122.343967,"(47.73076, -122.343967)",F140012270
N 88th St / Ashworth Av N,Aid Response,02/03/2014 07:22:00 PM +0000,47.69234,-122.339155,"(47.69234, -122.339155)",F140012271
932 27th Av,Aid Response,02/03/2014 07:18:00 PM +0000,47.610255,-122.297535,"(47.610255, -122.297535)",F140012269
4638 S Austin St,Aid Response,02/03/2014 07:08:00 PM +0000,47.534702,-122.274812,"(47.534702, -122.274812)",F140012267
133 Queen Anne Av N,Auto Fire Alarm,02/03/2014 07:05:00 PM +0000,47.618988,-122.356753,"(47.618988, -122.356753)",F140012264
3745 Sw Monroe St,Aid Response,02/03/2014 07:02:00 PM +0000,47.531289,-122.379912,"(47.531289, -122.379912)",F140012263
714 Lakeside Av S,4RED - 2 + 1 + 1,02/03/2014 06:59:00 PM +0000,47.595983,-122.287762,"(47.595983, -122.287762)",F140012261
Denny Way / Westlake Av,Aid Response,02/03/2014 06:58:00 PM +0000,47.618534,-122.338485,"(47.618534, -122.338485)",F140012260
7529 24th Av Sw,Aid Response,02/03/2014 06:57:00 PM +0000,47.535251,-122.363167,"(47.535251, -122.363167)",F140012259
7504 Aurora Av N,Aid Response,02/03/2014 06:47:00 PM +0000,47.683324,-122.344484,"(47.683324, -122.344484)",F140012258
4803 S Henderson St,Aid Response,02/03/2014 06:46:00 PM +0000,47.52331,-122.272812,"(47.52331, -122.272812)",F140012257
1100 Olive Way,Aid Response,02/03/2014 06:44:00 PM +0000,47.61545,-122.33073,"(47.61545, -122.33073)",F140012254
919 Spruce St,Aid Response,02/03/2014 06:40:00 PM +0000,47.602994,-122.32144,"(47.602994, -122.32144)",F140012253
Beacon Av S / S Cloverdale St,Aid Response,02/03/2014 06:37:00 PM +0000,47.526121,-122.287674,"(47.526121, -122.287674)",F140012252
N 70th St / Aurora Av N,Aid Response,02/03/2014 06:35:00 PM +0000,47.679582,-122.345418,"(47.679582, -122.345418)",F140012250
9600 College Way N,Aid Response,02/03/2014 06:32:00 PM +0000,47.698678,-122.33505,"(47.698678, -122.33505)",F140012249
5433 Leary Av Nw,Aid Response,02/03/2014 06:32:00 PM +0000,47.668015,-122.383712,"(47.668015, -122.383712)",F140012248
8334 Rainier Av S,Trans to AMR,02/03/2014 06:28:00 PM +0000,47.529392,-122.269988,"(47.529392, -122.269988)",F140012247
3010 S King St,Aid Response,02/03/2014 06:27:00 PM +0000,47.597992,-122.292834,"(47.597992, -122.292834)",F140012246
3rd Av / Virginia St,Aid Response,02/03/2014 06:24:00 PM +0000,47.612398,-122.340892,"(47.612398, -122.340892)",F140012245
5601 M L King Jr Way S,Aid Response,02/03/2014 06:22:00 PM +0000,47.551972,-122.288487,"(47.551972, -122.288487)",F140012244
2024 3rd Av,Aid Response Yellow,02/03/2014 06:20:00 PM +0000,47.612578,-122.341197,"(47.612578, -122.341197)",F140012243
5300 24th Av Ne,Aid Response,02/03/2014 05:58:00 PM +0000,47.66707,-122.301946,"(47.66707, -122.301946)",F140012239
10740 Meridian Av N,Aid Response,02/03/2014 05:57:00 PM +0000,47.707087,-122.333965,"(47.707087, -122.333965)",F140012238
N 103rd St / Evanston Av N,Aid Response,02/03/2014 05:55:00 PM +0000,47.70363,-122.350739,"(47.70363, -122.350739)",F140012237
3231 6th Av W,Aid Response,02/03/2014 05:55:00 PM +0000,47.648964,-122.364843,"(47.648964, -122.364843)",F140012235
1147 N 92nd St,Medic Response,02/03/2014 05:55:00 PM +0000,47.695629,-122.343942,"(47.695629, -122.343942)",F140012236
4851 50th Av Sw,Medic Response,02/03/2014 05:49:00 PM +0000,47.558909,-122.396314,"(47.558909, -122.396314)",F140012233
1915 Ne Chelan Ln,Auto Fire Alarm,02/03/2014 05:44:00 PM +0000,47.657559,-122.308302,"(47.657559, -122.308302)",F140012232
11051 34th Av Ne,Auto Fire Alarm,02/03/2014 05:43:00 PM +0000,47.708744,-122.292099,"(47.708744, -122.292099)",F140012231
1515 Fairview Av E,Aid Response,02/03/2014 05:38:00 PM +0000,47.633392,-122.326925,"(47.633392, -122.326925)",F140012230
2414 Alki Av Sw,Aid Response,02/03/2014 05:18:00 PM +0000,47.582204,-122.403103,"(47.582204, -122.403103)",F140012225
31 W Dravus St,Aid Response,02/03/2014 05:16:00 PM +0000,47.64866,-122.358004,"(47.64866, -122.358004)",F140012224
410 2nd Av Et  S,Aid Response,02/03/2014 05:15:00 PM +0000,47.601202,-122.331511,"(47.601202, -122.331511)",F140012223
1501 4th Av,Medic Response,02/03/2014 05:11:00 PM +0000,47.610214,-122.336683,"(47.610214, -122.336683)",F140012222
Ne Ravenna Blvd / 15th Av Ne,Motor Vehicle Accident,02/03/2014 04:59:00 PM +0000,47.670721,-122.311896,"(47.670721, -122.311896)",F140012221
5400 West Marginal Way Sw,Aid Response,02/03/2014 04:57:00 PM +0000,47.553719,-122.346936,"(47.553719, -122.346936)",F140012220
500 5th Av,Aid Response,02/03/2014 04:35:00 PM +0000,47.602985,-122.328535,"(47.602985, -122.328535)",F140012216
3715 Sw Alaska St,Medic Response,02/03/2014 04:34:00 PM +0000,47.561081,-122.378956,"(47.561081, -122.378956)",F140012214
13501 Aurora Av N,Aid Response,02/03/2014 04:32:00 PM +0000,47.72686,-122.345017,"(47.72686, -122.345017)",F140012213
516 5th Av W,Aid Response,02/03/2014 04:29:00 PM +0000,47.623698,-122.363248,"(47.623698, -122.363248)",F140012211
1100 University St,Aid Response,02/03/2014 04:26:00 PM +0000,47.611479,-122.327097,"(47.611479, -122.327097)",F140012209
3281 Sw Avalon Way,Aid Response,02/03/2014 04:23:00 PM +0000,47.564152,-122.373295,"(47.564152, -122.373295)",F140012208
1703 California Av Sw,Aid Response,02/03/2014 04:19:00 PM +0000,47.588027,-122.386277,"(47.588027, -122.386277)",F140012207
10654 34th Av Sw,Aid Response Yellow,02/03/2014 04:11:00 PM +0000,47.507238,-122.374699,"(47.507238, -122.374699)",F140012204
700 6th Av S,Aid Response,02/03/2014 04:06:00 PM +0000,47.596676,-122.32637,"(47.596676, -122.32637)",F140012202
1916 E Madison St,Medic Response,02/03/2014 04:05:00 PM +0000,47.61682,-122.307201,"(47.61682, -122.307201)",F140012199
Beacon Av S / S Holden St,Aid Response Yellow,02/03/2014 04:04:00 PM +0000,47.533746,-122.289225,"(47.533746, -122.289225)",F140012197
S Holden St / Beacon Av S,Aid Response,02/03/2014 03:58:00 PM +0000,47.533746,-122.289225,"(47.533746, -122.289225)",F140012196
3802 S Othello St,Aid Response,02/03/2014 03:54:00 PM +0000,47.537035,-122.28468,"(47.537035, -122.28468)",F140012195
9010 Greenwood Av N,Aid Response,02/03/2014 03:40:00 PM +0000,47.694299,-122.35534,"(47.694299, -122.35534)",F140012192
401 Mercer St,Aid Response,02/03/2014 03:36:00 PM +0000,47.624564,-122.348864,"(47.624564, -122.348864)",F140012190
11302 12th Av Ne,Aid Response,02/03/2014 03:33:00 PM +0000,47.710436,-122.315192,"(47.710436, -122.315192)",F140012188
115 Bellevue Av E,Aid Response,02/03/2014 03:04:00 PM +0000,47.618998,-122.326683,"(47.618998, -122.326683)",F140012187
3232 Ne 92nd St,Aid Response,02/03/2014 03:04:00 PM +0000,47.695662,-122.293026,"(47.695662, -122.293026)",F140012186
4545 41st Av Sw,Aid Response,02/03/2014 03:02:00 PM +0000,47.56247,-122.384135,"(47.56247, -122.384135)",F140012185
11513 Stone Av N,Medic Response,02/03/2014 02:56:00 PM +0000,47.712444,-122.342126,"(47.712444, -122.342126)",F140012183
1101 Madison St,Aid Response,02/03/2014 02:40:00 PM +0000,47.609343,-122.325128,"(47.609343, -122.325128)",F140012181
7300 33rd Av S,Trans to AMR,02/03/2014 02:35:00 PM +0000,47.537045,-122.289961,"(47.537045, -122.289961)",F140012180
31st Av S / S Irving St,Aid Response,02/03/2014 02:26:00 PM +0000,47.591233,-122.292384,"(47.591233, -122.292384)",F140012179
2001 S Lucile St,Aid Response,02/03/2014 02:19:00 PM +0000,47.553406,-122.307324,"(47.553406, -122.307324)",F140012178
1501 17th Av,Trans to AMR,02/03/2014 02:13:00 PM +0000,47.614106,-122.310161,"(47.614106, -122.310161)",F140012177
1005 Terrace St,Aid Response,02/03/2014 02:10:00 PM +0000,47.604615,-122.32228,"(47.604615, -122.32228)",F140012176
10755 68th Av S,Aid Response,02/03/2014 02:09:00 PM +0000,47.504916,-122.24939,"(47.504916, -122.24939)",F140012175
6935 Delridge Way Sw,Aid Response,02/03/2014 02:05:00 PM +0000,47.540972,-122.360885,"(47.540972, -122.360885)",F140012174
1046 1st Av S,Aid Response,02/03/2014 02:04:00 PM +0000,47.59365,-122.334194,"(47.59365, -122.334194)",F140012173
11039 17th Av Ne,Aid Response,02/03/2014 01:49:00 PM +0000,47.709397,-122.309982,"(47.709397, -122.309982)",F140012170
1431 Minor Av,Aid Response,02/03/2014 01:35:00 PM +0000,47.613037,-122.326981,"(47.613037, -122.326981)",F140012168
9th Av / Stewart St,Aid Response,02/03/2014 01:29:00 PM +0000,47.615616,-122.334436,"(47.615616, -122.334436)",F140012166
5433 Leary Av Nw,Aid Response,02/03/2014 01:26:00 PM +0000,47.668015,-122.383712,"(47.668015, -122.383712)",F140012165
15th Av W / W Wheeler St,Aid Response,02/03/2014 01:26:00 PM +0000,47.640679,-122.37616,"(47.640679, -122.37616)",F140012164
1501 17th Av,Aid Response,02/03/2014 01:24:00 PM +0000,47.614106,-122.310161,"(47.614106, -122.310161)",F140012163
Roosevelt Way Ne / Ne 105th St,Aid Response,02/03/2014 01:22:00 PM +0000,47.70492,-122.3178,"(47.70492, -122.3178)",F140012161
Stewart St / 9th Av,Aid Response,02/03/2014 01:18:00 PM +0000,47.615616,-122.334436,"(47.615616, -122.334436)",F140012160
Greenwood Av N / N 77th St,Aid Response,02/03/2014 01:13:00 PM +0000,47.684748,-122.355298,"(47.684748, -122.355298)",F140012159
5001 S Thistle St,Aid Response,02/03/2014 01:07:00 PM +0000,47.52791,-122.271109,"(47.52791, -122.271109)",F140012157
17th Av Ne / Ne 45th St,1RED 1 Unit,02/03/2014 01:07:00 PM +0000,47.661259,-122.309512,"(47.661259, -122.309512)",F140012158
3611 22nd Av W,Medic Response,02/03/2014 01:05:00 PM +0000,47.652245,-122.384675,"(47.652245, -122.384675)",F140012156
3419 24th Av S,Medic Response,02/03/2014 01:03:00 PM +0000,47.572977,-122.301714,"(47.572977, -122.301714)",F140012155
10507 Aurora Av N,Trans to AMR,02/03/2014 12:56:00 PM +0000,47.705096,-122.344695,"(47.705096, -122.344695)",F140012154
10049 College Way N,Aid Response,02/03/2014 12:54:00 PM +0000,47.701756,-122.335022,"(47.701756, -122.335022)",F140012153
4026 California Av Sw,Aid Response,02/03/2014 12:53:00 PM +0000,47.567899,-122.38677,"(47.567899, -122.38677)",F140012152
7132 Delridge Way Sw,Aid Response,02/03/2014 12:47:00 PM +0000,47.538757,-122.360988,"(47.538757, -122.360988)",F140012151
5411 26th Av Sw,Medic Response,02/03/2014 12:37:00 PM +0000,47.553636,-122.365579,"(47.553636, -122.365579)",F140012150
738 S Orcas St,Fuel Spill,02/03/2014 11:58:00 AM +0000,47.550921,-122.323934,"(47.550921, -122.323934)",F140012149
5007 47th Av S,Aid Response,02/03/2014 11:44:00 AM +0000,47.556719,-122.274452,"(47.556719, -122.274452)",F140012147
1722 Belmont Av,Medic Response,02/03/2014 11:39:00 AM +0000,47.616648,-122.324491,"(47.616648, -122.324491)",F140012145
9253 Sand Point Way Ne,Medic Response,02/03/2014 11:13:00 AM +0000,47.695796,-122.276405,"(47.695796, -122.276405)",F140012144
7533 40th Av Ne,Aid Response,02/03/2014 11:09:00 AM +0000,47.683335,-122.285174,"(47.683335, -122.285174)",F140012143
19 Aloha St,Aid Response Yellow,02/03/2014 10:44:00 AM +0000,47.627191,-122.356458,"(47.627191, -122.356458)",F140012142
4878 Beacon Av S,Aid Response,02/03/2014 10:31:00 AM +0000,47.558399,-122.304005,"(47.558399, -122.304005)",F140012141
Nb I5 At 45,Motor Vehicle Accident Freeway,02/03/2014 10:24:00 AM +0000,47.65745,-122.322155,"(47.65745, -122.322155)",F140012140
1410 Ne Campus Pkwy,Aid Response,02/03/2014 10:23:00 AM +0000,47.656214,-122.313146,"(47.656214, -122.313146)",F140012139
Virginia St / Western Av,Aid Response,02/03/2014 10:23:00 AM +0000,47.610321,-122.343637,"(47.610321, -122.343637)",F140012138
100 Melrose Av E,Auto Fire Alarm,02/03/2014 10:19:00 AM +0000,47.618497,-122.327854,"(47.618497, -122.327854)",F140012137
607 3rd Av,Aid Response,02/03/2014 10:17:00 AM +0000,47.602813,-122.331449,"(47.602813, -122.331449)",F140012136
1501 17th Av,Aid Response,02/03/2014 10:16:00 AM +0000,47.614106,-122.310161,"(47.614106, -122.310161)",F140012135
Sw Alaska St / California Av Sw,Quick Dispatch Medic,02/03/2014 10:05:00 AM +0000,47.561106,-122.386778,"(47.561106, -122.386778)",F140012131
10 Denny Way,Hang-Up- Aid,02/03/2014 10:02:00 AM +0000,47.618607,-122.356647,"(47.618607, -122.356647)",F140012130
107 1st Av N,1RED 1 Unit,02/03/2014 10:01:00 AM +0000,47.618673,-122.355452,"(47.618673, -122.355452)",F140012129
13716 Lake City Way Ne,Aid Response Yellow,02/03/2014 09:59:00 AM +0000,47.72838,-122.292253,"(47.72838, -122.292253)",F140012128
6th Av S / S Dearborn St,Aid Response,02/03/2014 09:51:00 AM +0000,47.595837,-122.326374,"(47.595837, -122.326374)",F140012127
10 Mercer St,Aid Response,02/03/2014 09:45:00 AM +0000,47.624583,-122.3566,"(47.624583, -122.3566)",F140012126
9418 Linden Av N,Aid Response,02/03/2014 09:44:00 AM +0000,47.697034,-122.347294,"(47.697034, -122.347294)",F140012125
4290 Whitman Ct Ne,Alarm Bell,02/03/2014 09:38:00 AM +0000,47.659443,-122.304293,"(47.659443, -122.304293)",F140012124
3651 34th Av S,Aid Response Yellow,02/03/2014 09:36:00 AM +0000,47.571115,-122.28993,"(47.571115, -122.28993)",F140012123
810 Virginia St,Aid Response,02/03/2014 09:24:00 AM +0000,47.615789,-122.336507,"(47.615789, -122.336507)",F140012118
1501 E Thomas St,Medic Response,02/03/2014 09:19:00 AM +0000,47.620503,-122.312698,"(47.620503, -122.312698)",F140012117
18th Av S / S Jackson St,Aid Response,02/03/2014 09:17:00 AM +0000,47.599239,-122.308968,"(47.599239, -122.308968)",F140012116
500 5th Av,Aid Response,02/03/2014 09:16:00 AM +0000,47.602985,-122.328535,"(47.602985, -122.328535)",F140012115
13730 15th Av Ne,Aid Response,02/03/2014 09:13:00 AM +0000,47.728658,-122.312678,"(47.728658, -122.312678)",F140012114
88 S KING ST,Aid Response,02/03/2014 09:12:00 AM +0000,47.598293,-122.33451,"(47.598293, -122.33451)",F140012112
6000 24th Av Nw,Aid Response,02/03/2014 09:12:00 AM +0000,47.672374,-122.387587,"(47.672374, -122.387587)",F140012113
E Jefferson St / 11th Av,Aid Response,02/03/2014 09:07:00 AM +0000,47.606206,-122.318111,"(47.606206, -122.318111)",F140012111
5240 University Way Ne,Aid Response,02/03/2014 09:06:00 AM +0000,47.666712,-122.313047,"(47.666712, -122.313047)",F140012110
14100 Linden Av N,Aid Response Yellow,02/03/2014 09:03:00 AM +0000,47.73104,-122.347764,"(47.73104, -122.347764)",F140012109
9200 4th Av Sw,Aid Response,02/03/2014 09:02:00 AM +0000,47.520912,-122.340193,"(47.520912, -122.340193)",F140012107
207 1st Av S,Aid Response,02/03/2014 08:58:00 AM +0000,47.600823,-122.334182,"(47.600823, -122.334182)",F140012105
803 Spring St,Rescue Elevator,02/03/2014 08:52:00 AM +0000,47.608672,-122.32909,"(47.608672, -122.32909)",F140012102
1930 Boren Av,Aid Response,02/03/2014 08:45:00 AM +0000,47.617173,-122.333103,"(47.617173, -122.333103)",F140012100
1st Av / Yesler Way,1RED 1 Unit,02/03/2014 08:43:00 AM +0000,47.601722,-122.334179,"(47.601722, -122.334179)",F140012101
Ne 65th St / 25th Av Ne,Motor Vehicle Accident,02/03/2014 08:29:00 AM +0000,47.675774,-122.300652,"(47.675774, -122.300652)",F140012098
4716 45th Av Sw,Medic Response,02/03/2014 08:27:00 AM +0000,47.560846,-122.389494,"(47.560846, -122.389494)",F140012097
1921 Clise Pl W,Aid Response,02/03/2014 08:26:00 AM +0000,47.636158,-122.397894,"(47.636158, -122.397894)",F140012096
903 9th Av,Fire in Building,02/03/2014 08:25:00 AM +0000,47.60771,-122.326721,"(47.60771, -122.326721)",F140012094
7060 East Marginal Way S,Aid Response,02/03/2014 08:24:00 AM +0000,47.539749,-122.322441,"(47.539749, -122.322441)",F140012093
14th Av / E Union St,Aid Response,02/03/2014 08:20:00 AM +0000,47.612917,-122.314167,"(47.612917, -122.314167)",F140012090
Ne 45th St / 7th Av Ne,Aid Response,02/03/2014 08:16:00 AM +0000,47.661319,-122.320728,"(47.661319, -122.320728)",F140012089
Fremont Av N / N 34th St,Aid Response,02/03/2014 08:11:00 AM +0000,47.64959,-122.349747,"(47.64959, -122.349747)",F140012087
925 Alaskan Way,Aid Response,02/03/2014 08:04:00 AM +0000,47.603237,-122.337944,"(47.603237, -122.337944)",F140012085
1218 Ne Campus Pkwy,Aid Response,02/03/2014 07:59:00 AM +0000,47.656233,-122.315363,"(47.656233, -122.315363)",F140012084
2717 Dexter Av N,Aid Response,02/03/2014 07:54:00 AM +0000,47.644371,-122.346913,"(47.644371, -122.346913)",F140012083
201 Yesler Way,Food On The Stove,02/03/2014 07:51:00 AM +0000,47.601719,-122.331966,"(47.601719, -122.331966)",F140012082
1420 Western Av,Medic Response,02/03/2014 07:50:00 AM +0000,47.607557,-122.340392,"(47.607557, -122.340392)",F140012081
Queen Anne Av N / Mercer St,Motor Vehicle Accident,02/03/2014 07:49:00 AM +0000,47.624583,-122.356709,"(47.624583, -122.356709)",F140012080
5263 University Way Ne,Aid Response,02/03/2014 07:42:00 AM +0000,47.666875,-122.313044,"(47.666875, -122.313044)",F140012079
2106 Ne 47th St,Auto Fire Alarm,02/03/2014 07:32:00 AM +0000,47.663074,-122.305164,"(47.663074, -122.305164)",F140012076
212 Alaskan Way S,Assault w/Weap 7 per Rule,02/03/2014 07:31:00 AM +0000,47.600803,-122.335961,"(47.600803, -122.335961)",F140012077
925 E Pike St,Medic Response,02/03/2014 07:31:00 AM +0000,47.614078,-122.32044,"(47.614078, -122.32044)",F140012075
80 Vine St,Auto Fire Alarm,02/03/2014 07:30:00 AM +0000,47.614706,-122.350386,"(47.614706, -122.350386)",F140012074
8th Av Ne / Ne 42nd St,Trans to AMR,02/03/2014 07:24:00 AM +0000,47.657518,-122.319791,"(47.657518, -122.319791)",F140012073
1st Av S / S Main St,Aid Response,02/03/2014 07:20:00 AM +0000,47.600044,-122.334185,"(47.600044, -122.334185)",F140012069
1849 Nw Roundhill Cir,Aid Response,02/03/2014 07:18:00 AM +0000,47.704203,-122.380604,"(47.704203, -122.380604)",F140012068
2106 Ne 47th St,Auto Fire Alarm,02/03/2014 07:16:00 AM +0000,47.663074,-122.305164,"(47.663074, -122.305164)",F140012067
2332 1st Av,Aid Response,02/03/2014 07:14:00 AM +0000,47.613618,-122.346924,"(47.613618, -122.346924)",F140012066
2010 S Jackson St,Aid Response,02/03/2014 07:10:00 AM +0000,47.599258,-122.305807,"(47.599258, -122.305807)",F140012065
223 Yesler Way,Aid Response,02/03/2014 07:09:00 AM +0000,47.601718,-122.331581,"(47.601718, -122.331581)",F140012063
2nd Av / Cherry St,Aid Response,02/03/2014 07:02:00 AM +0000,47.603019,-122.333172,"(47.603019, -122.333172)",F140012062
14100 Linden Av N,Aid Response,02/03/2014 06:55:00 AM +0000,47.73104,-122.347764,"(47.73104, -122.347764)",F140012061
11th Av / E Pike St,Aid Response,02/03/2014 06:54:00 AM +0000,47.614094,-122.318141,"(47.614094, -122.318141)",F140012060
1515 Belmont Av,Aid Response,02/03/2014 06:48:00 AM +0000,47.614256,-122.32446,"(47.614256, -122.32446)",F140012058
13751 32nd Av Ne,Auto Fire Alarm,02/03/2014 06:45:00 AM +0000,47.728533,-122.293652,"(47.728533, -122.293652)",F140012057
4140 Roosevelt Way Ne,Aid Response,02/03/2014 06:43:00 AM +0000,47.657138,-122.317812,"(47.657138, -122.317812)",F140012056
3715 Ne 137th St,Aid Response Yellow,02/03/2014 06:40:00 AM +0000,47.728274,-122.288157,"(47.728274, -122.288157)",F140012054
607 3rd Av,Auto Fire Alarm,02/03/2014 06:39:00 AM +0000,47.602813,-122.331449,"(47.602813, -122.331449)",F140012051
6th Av S / S King St,Aid Response,02/03/2014 06:38:00 AM +0000,47.598354,-122.326364,"(47.598354, -122.326364)",F140012050
Ne 94th St / 35th Av Ne,Aid Response,02/03/2014 06:35:00 AM +0000,47.696631,-122.290557,"(47.696631, -122.290557)",F140012049
4747 16th Av Ne,Automatic Fire Alarm False,02/03/2014 06:33:00 AM +0000,47.663354,-122.310826,"(47.663354, -122.310826)",F140012048
1533 13th Av,Aid Response,02/03/2014 06:33:00 AM +0000,47.614492,-122.315536,"(47.614492, -122.315536)",F140012047
117 18th Av,Aid Response,02/03/2014 06:29:00 AM +0000,47.602011,-122.308962,"(47.602011, -122.308962)",F140012046
327 N 83rd St,Aid Response,02/03/2014 06:23:00 AM +0000,47.689113,-122.354933,"(47.689113, -122.354933)",F140012044
10th Av / E Union St,Aid Response,02/03/2014 06:19:00 AM +0000,47.61294,-122.319435,"(47.61294, -122.319435)",F140012041
4503 17th Av Ne,Aid Response,02/03/2014 06:19:00 AM +0000,47.661278,-122.309724,"(47.661278, -122.309724)",F140012042
620 23rd Av E,Aid Response,02/03/2014 06:14:00 AM +0000,47.624549,-122.302431,"(47.624549, -122.302431)",F140012040
4051 7th Av Ne,Aid Response,02/03/2014 06:11:00 AM +0000,47.656304,-122.320852,"(47.656304, -122.320852)",F140012039
3802 S Othello St,Aid Response,02/03/2014 06:09:00 AM +0000,47.537035,-122.28468,"(47.537035, -122.28468)",F140012038
111 Yale Av N,Medic Response,02/03/2014 06:05:00 AM +0000,47.618823,-122.330413,"(47.618823, -122.330413)",F140012037
Harvard Av / E Pike St,Rubbish Fire,02/03/2014 06:03:00 AM +0000,47.614066,-122.322111,"(47.614066, -122.322111)",F140012036
Prefontaine Pl S / Yesler Way,Aid Response,02/03/2014 05:56:00 AM +0000,47.601716,-122.330265,"(47.601716, -122.330265)",F140012035
4909 Lake Washington Blvd S,Aid Response,02/03/2014 05:50:00 AM +0000,47.558209,-122.263254,"(47.558209, -122.263254)",F140012032
1158 N 91st St,Aid Response,02/03/2014 05:49:00 AM +0000,47.694905,-122.343784,"(47.694905, -122.343784)",F140012030
4244 UNIVERSITY WAY NE,Aid Response,02/03/2014 05:46:00 AM +0000,47.658964,-122.31319,"(47.658964, -122.31319)",F140012029
1521 Nw 54th St,Rescue Elevator,02/03/2014 05:32:00 AM +0000,47.667891,-122.376486,"(47.667891, -122.376486)",F140012027
9710 5th Av Ne,Aid Response,02/03/2014 05:31:00 AM +0000,47.699592,-122.323107,"(47.699592, -122.323107)",F140012026
11th Av / E Pike St,Rubbish Fire,02/03/2014 05:29:00 AM +0000,47.614094,-122.318141,"(47.614094, -122.318141)",F140012025
Occidental Av S / S Washington St,Aid Response,02/03/2014 05:19:00 AM +0000,47.600882,-122.332877,"(47.600882, -122.332877)",F140012023
5618 Delridge Way Sw,Automatic Fire Alarm Resd,02/03/2014 05:17:00 AM +0000,47.551809,-122.362989,"(47.551809, -122.362989)",F140012022
8368 Wabash Av S,Aid Response,02/03/2014 05:07:00 AM +0000,47.52821,-122.268227,"(47.52821, -122.268227)",F140012020
1902 2nd Av,Fire in Building,02/03/2014 05:06:00 AM +0000,47.610972,-122.340465,"(47.610972, -122.340465)",F140012018
1604 Ne 50th St,Aid Response,02/03/2014 05:05:00 AM +0000,47.664884,-122.310756,"(47.664884, -122.310756)",F140012019
2117 47th Av Sw,Aid Response,02/03/2014 05:05:00 AM +0000,47.585214,-122.391767,"(47.585214, -122.391767)",F140012017
2030 3rd Av,Aid Response,02/03/2014 05:01:00 AM +0000,47.612626,-122.341277,"(47.612626, -122.341277)",F140012016
6135 35th Av S,Automatic Medical Alarm,02/03/2014 04:58:00 AM +0000,47.546102,-122.289002,"(47.546102, -122.289002)",F140012013
6940 37th Av S,Aid Response,02/03/2014 04:56:00 AM +0000,47.540318,-122.286124,"(47.540318, -122.286124)",F140012012
2310 Fairview Av E,Aid Response,02/03/2014 04:55:00 AM +0000,47.639835,-122.329523,"(47.639835, -122.329523)",F140012011
2970 Sw Avalon Way,Auto Fire Alarm,02/03/2014 04:47:00 AM +0000,47.568767,-122.370751,"(47.568767, -122.370751)",F140012010
3515 Fremont Av N,Aid Response,02/03/2014 04:43:00 AM +0000,47.650562,-122.349849,"(47.650562, -122.349849)",F140012007
1719 S Ferdinand St,Quick Dispatch Medic 7,02/03/2014 04:42:00 AM +0000,47.559029,-122.309661,"(47.559029, -122.309661)",F140012005
1315 E Marion St,Aid Response,02/03/2014 04:42:00 AM +0000,47.610389,-122.315241,"(47.610389, -122.315241)",F140012006
1046 1st Av S,Aid Response,02/03/2014 04:41:00 AM +0000,47.59365,-122.334194,"(47.59365, -122.334194)",F140012004
2nd Av / Yesler Way,Aid Response,02/03/2014 04:38:00 AM +0000,47.601719,-122.331984,"(47.601719, -122.331984)",F140012003
5604 17th Av Ne,Investigate Out Of Service,02/03/2014 04:33:00 AM +0000,47.669471,-122.309438,"(47.669471, -122.309438)",F140012001
419 Occidental Av S,Aid Response,02/03/2014 04:30:00 AM +0000,47.599026,-122.332883,"(47.599026, -122.332883)",F140012000
10733 Meridian Av N,Aid Response,02/03/2014 04:29:00 AM +0000,47.707045,-122.333964,"(47.707045, -122.333964)",F140011999
704 1st Av,Aid Response,02/03/2014 04:24:00 AM +0000,47.602577,-122.334301,"(47.602577, -122.334301)",F140011996
11030 5th Av Ne,Medic Response,02/03/2014 04:23:00 AM +0000,47.709488,-122.323301,"(47.709488, -122.323301)",F140011994
5233 20th Av Ne,Aid Response,02/03/2014 04:23:00 AM +0000,47.666768,-122.306495,"(47.666768, -122.306495)",F140011995
10th Av / E Pine St,Aid Response,02/03/2014 04:21:00 AM +0000,47.615245,-122.319465,"(47.615245, -122.319465)",F140011993
319 Maynard Av S,Aid Response,02/03/2014 04:15:00 AM +0000,47.599867,-122.325053,"(47.599867, -122.325053)",F140011991
Nb I5 Cd To Madison,Aid Response Freeway,02/03/2014 04:15:00 AM +0000,47.603904,-122.326696,"(47.603904, -122.326696)",F140011992
19TH AV NE / NE 45TH ST,Rubbish Fire,02/03/2014 04:12:00 AM +0000,47.661258,-122.307245,"(47.661258, -122.307245)",F140011988
2727 Ne 143rd Pl,Aid Response,02/03/2014 04:10:00 AM +0000,47.732721,-122.297399,"(47.732721, -122.297399)",F140011985
1400 6th Av,Rescue Elevator,02/03/2014 04:09:00 AM +0000,47.61015,-122.333556,"(47.61015, -122.333556)",F140011984
California Av Sw / Sw 106th St,Rescue Heavy,02/03/2014 04:08:00 AM +0000,47.508287,-122.387058,"(47.508287, -122.387058)",F140011983
Lake City Way Ne / Ne 125th St,Medic Response- 6 per Rule,02/03/2014 04:07:00 AM +0000,47.719279,-122.295233,"(47.719279, -122.295233)",F140011979
5527 17th Av Ne,1RED 1 Unit,02/03/2014 04:07:00 AM +0000,47.668783,-122.309607,"(47.668783, -122.309607)",F140011981
1710 Nw 57th St,Medic Response,02/03/2014 04:06:00 AM +0000,47.670175,-122.378984,"(47.670175, -122.378984)",F140011978
1902 2nd Av,Aid Response,02/03/2014 04:04:00 AM +0000,47.610972,-122.340465,"(47.610972, -122.340465)",F140011977
300 E Pike St,Aid Response,02/03/2014 04:02:00 AM +0000,47.61393,-122.327805,"(47.61393, -122.327805)",F140011975
6900 37th Av S,Medic Response,02/03/2014 04:00:00 AM +0000,47.540683,-122.286131,"(47.540683, -122.286131)",F140011974
5000 19th Av Ne,Aid Response,02/03/2014 03:59:00 AM +0000,47.66486,-122.307191,"(47.66486, -122.307191)",F140011973
1st Av / Blanchard St,Aid Response,02/03/2014 03:56:00 AM +0000,47.612606,-122.345213,"(47.612606, -122.345213)",F140011972
9030 Seward Park Av S,Aid Response,02/03/2014 03:55:00 AM +0000,47.522018,-122.264426,"(47.522018, -122.264426)",F140011971
8300 42nd Pl S,Aid Response,02/03/2014 03:53:00 AM +0000,47.529214,-122.279787,"(47.529214, -122.279787)",F140011970
5301 Ne 85th St,Automatic Fire Alarm Resd,02/03/2014 03:52:00 AM +0000,47.69058,-122.271891,"(47.69058, -122.271891)",F140011967
118 Bell St,Auto Fire Alarm,02/03/2014 03:52:00 AM +0000,47.613497,-122.346355,"(47.613497, -122.346355)",F140011968
118 Bell St,Auto Fire Alarm,02/03/2014 03:51:00 AM +0000,47.613497,-122.346355,"(47.613497, -122.346355)",F140011965
11746 35th Av Ne,Motor Vehicle Accident,02/03/2014 03:51:00 AM +0000,47.714462,-122.29155,"(47.714462, -122.29155)",F140011966
13246 8th Av Nw,Aid Response,02/03/2014 03:48:00 AM +0000,47.725384,-122.366341,"(47.725384, -122.366341)",F140011964
305 HARRISON ST,Aid Response,02/03/2014 03:44:00 AM +0000,47.622089,-122.351371,"(47.622089, -122.351371)",F140011962
1819 Ne 47th St,Aid Response,02/03/2014 03:42:00 AM +0000,47.663057,-122.308134,"(47.663057, -122.308134)",F140011960
660 Elliott Av W,Aid Response,02/03/2014 03:35:00 AM +0000,47.625611,-122.367048,"(47.625611, -122.367048)",F140011959
13302 Bitter Pl N,Aid Response,02/03/2014 03:34:00 AM +0000,47.725509,-122.353034,"(47.725509, -122.353034)",F140011956
700 Minor Av,Medic Response,02/03/2014 03:34:00 AM +0000,47.607661,-122.322073,"(47.607661, -122.322073)",F140011958
1102 8th Av,Aid Response,02/03/2014 03:29:00 AM +0000,47.608665,-122.329131,"(47.608665, -122.329131)",F140011951
4700 Phinney Av N,AFA4 - Auto Alarm 2 + 1 + 1,02/03/2014 03:28:00 AM +0000,47.66288,-122.353974,"(47.66288, -122.353974)",F140011950
S Washington St / 1st Av S,Aid Response,02/03/2014 03:26:00 AM +0000,47.600883,-122.334182,"(47.600883, -122.334182)",F140011947
14396 30th Av Ne,Aid Response,02/03/2014 03:24:00 AM +0000,47.732881,-122.296531,"(47.732881, -122.296531)",F140011945
4616 M L King Jr Way S,Aid Response,02/03/2014 03:24:00 AM +0000,47.561674,-122.293783,"(47.561674, -122.293783)",F140011944
2411 Alaskan Way,Aid Response,02/03/2014 03:19:00 AM +0000,47.612498,-122.350556,"(47.612498, -122.350556)",F140011942
301 14th Av E,Aid Response,02/03/2014 03:16:00 AM +0000,47.62112,-122.314686,"(47.62112, -122.314686)",F140011940
1700 Occidental Av S,Aid Response,02/03/2014 03:09:00 AM +0000,47.588228,-122.333264,"(47.588228, -122.333264)",F140011937
2nd Av / Cherry St,Aid Response,02/03/2014 03:06:00 AM +0000,47.603019,-122.333172,"(47.603019, -122.333172)",F140011936
17th Av Ne / Ne 47th St,1RED 1 Unit,02/03/2014 02:59:00 AM +0000,47.663057,-122.309683,"(47.663057, -122.309683)",F140011933
710 2nd Av W,Medic Response,02/03/2014 02:56:00 AM +0000,47.62577,-122.359313,"(47.62577, -122.359313)",F140011931
N 45th St / Meridian Av N,Aid Response,02/03/2014 02:54:00 AM +0000,47.661387,-122.333718,"(47.661387, -122.333718)",F140011930
4262 Fremont Av N,Aid Response,02/03/2014 02:53:00 AM +0000,47.658954,-122.350013,"(47.658954, -122.350013)",F140011928
1717 Ne 85th St,Aid Response,02/03/2014 02:42:00 AM +0000,47.690325,-122.309981,"(47.690325, -122.309981)",F140011926
2716 Elliott Av,Water Job Minor,02/03/2014 02:32:00 AM +0000,47.614557,-122.352479,"(47.614557, -122.352479)",F140011924
7101 38th Av S,Auto Fire Alarm,02/03/2014 02:30:00 AM +0000,47.538872,-122.284744,"(47.538872, -122.284744)",F140011922
2209 1st Av,Auto Fire Alarm,02/03/2014 02:11:00 AM +0000,47.612669,-122.345319,"(47.612669, -122.345319)",F140011920
12035 Aurora Av N,Aid Response,02/03/2014 02:11:00 AM +0000,47.716784,-122.344888,"(47.716784, -122.344888)",F140011919
15th Av / E Madison St,Motor Vehicle Accident,02/03/2014 02:07:00 AM +0000,47.614499,-122.312771,"(47.614499, -122.312771)",F140011916
1615 13th Av,Aid Response,02/03/2014 02:02:00 AM +0000,47.61544,-122.315552,"(47.61544, -122.315552)",F140011914
1101 Alaskan Way,Aid Response Yellow,02/03/2014 01:48:00 AM +0000,47.604488,-122.339091,"(47.604488, -122.339091)",F140011913
530 10th Av E,Auto Fire Alarm,02/03/2014 01:35:00 AM +0000,47.623464,-122.319902,"(47.623464, -122.319902)",F140011912
2119 2nd Av,Aid Response,02/03/2014 01:30:00 AM +0000,47.612643,-122.343292,"(47.612643, -122.343292)",F140011910
7101 M L King Jr Way S,Aid Response,02/03/2014 01:29:00 AM +0000,47.538884,-122.282179,"(47.538884, -122.282179)",F140011909
9009 Greenwood Av N,Trans to AMR,02/03/2014 01:28:00 AM +0000,47.69429,-122.35534,"(47.69429, -122.35534)",F140011907
1228 1st Av,Aid Response,02/03/2014 01:27:00 AM +0000,47.606318,-122.337724,"(47.606318, -122.337724)",F140011906
Alaskan Way S / S Jackson St,Aid Response,02/03/2014 01:18:00 AM +0000,47.599208,-122.335909,"(47.599208, -122.335909)",F140011904
4906 S Holly St,Aid Response,02/03/2014 01:12:00 AM +0000,47.542487,-122.270782,"(47.542487, -122.270782)",F140011903
2606 W Newton St,Medic Response,02/03/2014 01:11:00 AM +0000,47.636982,-122.390431,"(47.636982, -122.390431)",F140011902
18 W Raye St,Automatic Fire Alarm Resd,02/03/2014 01:08:00 AM +0000,47.64324,-122.357121,"(47.64324, -122.357121)",F140011900
3901 Fremont Av N,Aid Response,02/03/2014 01:03:00 AM +0000,47.65414,-122.349905,"(47.65414, -122.349905)",F140011899
1902 2nd Av,Aid Response,02/03/2014 12:59:00 AM +0000,47.610972,-122.340465,"(47.610972, -122.340465)",F140011898
802 Roy St,Aid Response,02/03/2014 12:46:00 AM +0000,47.625398,-122.341009,"(47.625398, -122.341009)",F140011893
1315 NE 40TH ST,Medic Response,02/03/2014 12:45:00 AM +0000,47.655366,-122.314264,"(47.655366, -122.314264)",F140011894
8117 5th Av Ne,Aid Response,02/03/2014 12:45:00 AM +0000,47.68762,-122.322962,"(47.68762, -122.322962)",F140011892
10507 Aurora Av N,Aid Response,02/03/2014 12:40:00 AM +0000,47.705096,-122.344695,"(47.705096, -122.344695)",F140011891
1009 Alder St,Aid Response,02/03/2014 12:39:00 AM +0000,47.603913,-122.321599,"(47.603913, -122.321599)",F140011890
11142 Beacon Av S,Aid Response,02/03/2014 12:37:00 AM +0000,47.50057,-122.267655,"(47.50057, -122.267655)",F140011889
6922 38th Av S,Auto Fire Alarm,02/03/2014 12:23:00 AM +0000,47.539049,-122.284755,"(47.539049, -122.284755)",F140011888
2nd Av / Lenora St,Aid Response,02/03/2014 12:22:00 AM +0000,47.612502,-122.343053,"(47.612502, -122.343053)",F140011887
12532 12th Av Ne,Automatic Fire Alarm Resd,02/03/2014 12:20:00 AM +0000,47.719716,-122.315405,"(47.719716, -122.315405)",F140011885
107 Pike St,Aid Response,02/03/2014 12:18:00 AM +0000,47.608854,-122.339934,"(47.608854, -122.339934)",F140011884
Linden Av N / N 145th St,Aid Response,02/03/2014 12:09:00 AM +0000,47.734129,-122.347802,"(47.734129, -122.347802)",F140011882
1400 6th Av,Aid Response,02/03/2014 12:06:00 AM +0000,47.61015,-122.333556,"(47.61015, -122.333556)",F140011881
1660 S Columbian Way,Medic Response,02/03/2014 12:05:00 AM +0000,47.561849,-122.310818,"(47.561849, -122.310818)",F140011880
2119 3rd Av,Trans to AMR,02/03/2014 12:00:00 AM +0000,47.613308,-122.342432,"(47.613308, -122.342432)",F140011879
